name,ingredients,diet,prep_time,cook_time,flavor_profile,course,state,region,recipe
balu shahi,"maida flour, yogurt, oil, sugar",vegetarian,45,25,sweet,dessert,West Bengal,East,jUwhZdMqcRY
boondi,"gram flour, ghee, sugar",vegetarian,80,30,sweet,dessert,Rajasthan,West,Pu0ChnMFLck
gajar ka halwa,"carrots, milk, sugar, ghee, cashews, raisins",vegetarian,15,60,sweet,dessert,Punjab,North,0DDJ4mpSSfs
ghevar,"flour, ghee, kewra, milk, clarified butter, sugar, almonds, pistachio, saffron, green cardamom",vegetarian,15,30,sweet,dessert,Rajasthan,West,8bw1uVGAatw
gulab jamun,"milk powder, plain flour, baking powder, ghee, milk, sugar, water, rose water",vegetarian,15,40,sweet,dessert,West Bengal,East,Do9mk9mya_A
imarti,"sugar syrup, lentil flour",vegetarian,10,50,sweet,dessert,West Bengal,East,exqxVvW94bQ
jalebi,"maida, corn flour, baking soda, vinegar, curd, water, turmeric, saffron, cardamom",vegetarian,10,50,sweet,dessert,Uttar Pradesh,North,0w471_wMPP0
kaju katli,"cashews, ghee, cardamom, sugar",vegetarian,10,20,sweet,dessert,All State,All Region,M6CwnxnxHKI
kalakand,"milk, cottage cheese, sugar",vegetarian,20,30,sweet,dessert,West Bengal,East,ruHhTpeRjt4
kheer,"milk, rice, sugar, dried fruits",vegetarian,10,40,sweet,dessert,All State,All Region,riToqi_sAFA
laddu,"gram flour, ghee, sugar",vegetarian,10,40,sweet,dessert,All State,All Region,M7vbHUOgAKw
lassi,"yogurt, milk, nuts, sugar",vegetarian,5,5,sweet,dessert,Punjab,North,g4As2DDoUVI
nankhatai,"refined flour, besan, ghee, powdered sugar, yoghurt, green cardamom",vegetarian,20,30,sweet,dessert,All State,All Region,GPsC56huMMI
petha,"firm white pumpkin, sugar, kitchen lime, alum powder",vegetarian,10,30,sweet,dessert,Uttar Pradesh,North,gBuga_Fb5_4
phirni,"rice, sugar, nuts",vegetarian,30,20,sweet,dessert,Odisha,East,OPAIFY_4Wrg
rabri,"condensed milk, sugar, spices, nuts",vegetarian,10,45,sweet,dessert,Uttar Pradesh,North,aBVT3IDnFk4
sheera,"semolina, ghee, nuts, milk",vegetarian,10,25,sweet,dessert,Maharashtra,West,7QK48Z_Qs7Y
singori,"khoa, coconut, molu leaf",vegetarian,10,20,sweet,dessert,Uttarakhand,North,nxRsXKIitkc
sohan halwa,"corn flour, ghee, dry fruits",vegetarian,10,60,sweet,dessert,Uttar Pradesh,North,XSz6xCz6_oo
sohan papdi,"gram flour, ghee, sugar, milk, cardamom",vegetarian,-1,60,sweet,dessert,Maharashtra,West,ky0nh_-Fl2g
chhena jalebi,"chhena, sugar, ghee",vegetarian,10,50,sweet,dessert,Odisha,East,ON56zlkjRrs
chhena kheeri,"chhena, sugar, milk",vegetarian,-1,60,sweet,dessert,Odisha,East,yZls5VMtNy8
chhena poda,"sugar, chenna cheese",vegetarian,10,45,sweet,dessert,Odisha,East,63tRldH5G_w
cham cham,"flour, cream, sugar, saffron, lemon juice, coconut flakes",vegetarian,40,60,sweet,dessert,West Bengal,East,EFyRq2IwhtU
kheer sagar,"chenna, condensed milk, sugar, saffron, cardamom",vegetarian,25,60,sweet,dessert,Odisha,East,97SzVyBrC8g
ledikeni,"chhena, sugar, ghee",vegetarian,45,45,sweet,dessert,West Bengal,East,BdiheTZiyDY
lyangcha,"flour, fried milk power, sugar syrup",vegetarian,20,30,sweet,dessert,Assam,North East,hC4Jb7-2gIM
malapua,"yoghurt, refined flour, ghee, fennel seeds",vegetarian,10,120,sweet,dessert,Bihar,North,UHYGGmkkM8w
mihidana,"besan flour, sugar, ghee",vegetarian,15,30,sweet,dessert,West Bengal,East,QHEQuLRkLDY
misti doi,"milk, jaggery",vegetarian,480,30,sweet,dessert,West Bengal,East,cQdddoWLxDE
pantua,"chhena, sugar, ghee, flour",vegetarian,45,45,sweet,dessert,West Bengal,East,lHRKn7BY0Fs
pithe,"rice flour, wheat flour",vegetarian,15,35,sweet,dessert,Assam,North East,w6MnPinTZEs
rasabali,"chenna, sweetened milk",vegetarian,15,30,sweet,dessert,Odisha,East,-ySwfHFFN5s
ras malai,"chhena, reduced milk, pistachio",vegetarian,180,60,sweet,dessert,West Bengal,East,LECpZPkP9Wk
rasgulla,"chhena, sugar, cardamom",vegetarian,10,90,sweet,dessert,West Bengal,East,wCuiuzmesk8
sandesh,"milk, sugar, saffron, cardamom",vegetarian,30,20,sweet,dessert,West Bengal,East,Ag9Id4Wiv90
adhirasam,"rice flour, jaggery, ghee, vegetable oil, elachi",vegetarian,10,50,sweet,dessert,West Bengal,East,nzI8yYDUgCY
ariselu,"rice flour, jaggery, ghee",vegetarian,15,75,sweet,dessert,Andhra Pradesh,South,Z_CrhktyRsA
bandar laddu,"besan, jaggery, cardamom powder, ghee, cashews and raisins, jaggery syrup, sugar",vegetarian,5,35,sweet,dessert,Andhra Pradesh,South,mz20du7h8To
chikki,"peanuts, jaggery",vegetarian,10,20,sweet,dessert,Maharashtra,West,KJ3H0dqQmso
dharwad pedha,"milk, sugar, dharwadi buffalo milk",vegetarian,20,60,sweet,dessert,Karnataka,South,LEbvgeZLCpE
double ka meetha,"loaf bread, milk",vegetarian,20,30,sweet,dessert,Telangana,South,DFdeJS3q1H8
gavvalu,"rice flour, sugar, salt, ghee, semolina",vegetarian,10,30,sweet,dessert,Andhra Pradesh,South,YG9jewe8zyE
kakinada khaja,"wheat flour, sugar",vegetarian,10,30,sweet,dessert,Andhra Pradesh,South,DSldaFIaIxU
kuzhi paniyaram,"black lentils, rice",vegetarian,10,20,sweet,dessert,Kerala,South,zJ4KcIM2Ey8
mysore pak,"besan flour, semolina, mung bean, jaggery, coconut, skimmed milk powder, sugar, ghee",vegetarian,5,20,sweet,dessert,Karnataka,South,Js-wS5aLnho
obbattu holige,"maida flour, turmeric, coconut, chickpeas, jaggery, ghee, cardamom",vegetarian,180,60,sweet,main course,Karnataka,South,BcpAB6M4mXQ
palathalikalu,"rice flour, milk",vegetarian,10,25,sweet,dessert,Andhra Pradesh,South,CyZxYEX-tLM
poornalu,"chana dal, jaggery",vegetarian,240,60,sweet,dessert,Andhra Pradesh,South,8yfzN7G9O0s
pongal,"rice, jaggery, cashews, ghee",vegetarian,5,20,sweet,dessert,Tamil Nadu,South,GpOKfBlCPeg
pootharekulu,"rice flour, powdered sugar, ghee",vegetarian,10,60,sweet,dessert,Andhra Pradesh,South,FBu7aHLqwMs
qubani ka meetha,"apricots, sugar syrup",vegetarian,10,20,sweet,dessert,Telangana,South,oonJzGJo0ZM
sheer korma,"vermicelli pudding, milk",vegetarian,10,20,sweet,dessert,Telangana,South,VmhsMREDlws
unni appam,"rice flour, banana, jaggery, coconut",vegetarian,10,20,sweet,dessert,Tamil Nadu,South,Woq-jYqpDcU
kajjikaya,"rice flour, jaggery, coconut",vegetarian,40,15,sweet,dessert,Andhra Pradesh,South,09scAX6uUh8
anarsa,"rice flour, jaggery, khus-khus seeds",vegetarian,10,50,sweet,dessert,Maharashtra,West,Zla-FSuNxT0
basundi,"sugar, milk, nuts",vegetarian,10,35,sweet,dessert,Gujarat,West,LnyOdR-tNp0
dhondas,"cucumber, rava",vegetarian,10,50,sweet,dessert,Maharashtra,West,w0n5RaYpRcI
doodhpak,"milk, rice, sugar, dry fruits",vegetarian,10,60,sweet,dessert,Gujarat,West,UX2k1R0Eyyc
mahim halwa,"semolina, sugar",vegetarian,10,25,sweet,dessert,Maharashtra,West,9txBH8FAH9Y
modak,"rice flour, coconut, jaggery ",vegetarian,10,15,sweet,dessert,Maharashtra,West,k2uXvIkS0ZI
shankarpali,"sugar, ghee, maida flour, semolina",vegetarian,10,35,sweet,dessert,Maharashtra,West,yqZBG3uIUso
shrikhand,"curd, sugar, saffron, cardamom",vegetarian,10,720,sweet,dessert,Maharashtra,West,n0fzwKqH5NA
sutar feni,"maida, sugar, ghee",vegetarian,15,55,sweet,dessert,Maharashtra,West,CPkCiUt3fVE
maach jhol,"fish, potol, tomato, chillies, ginger, garlic",non-vegetarian,10,40,spicy,main course,Assam,North East,KgP_09usWDQ
pork bharta,"boiled pork, onions, chillies, ginger and garlic",non-vegetarian,-1,-1,spicy,main course,Tripura,North East,59ImIBEDA5g
chak hao kheer,"rice, milk, sugar, cardamom",vegetarian,240,45,sweet,dessert,Manipur,North East,2bJLL7fJZAE
galho,"rice, axone, salt, water, chillies, pork",non-vegetarian,5,15,spicy,main course,Nagaland,North East,LI8WIUHvrqQ
aloo gobi,"cauliflower, potato, garam masala, turmeric, curry leaves",vegetarian,10,20,spicy,main course,Punjab,North,0oZ6UxuFzis
aloo tikki,"rice flour, potato, bread crumbs, garam masala, salt",vegetarian,5,20,spicy,main course,Punjab,North,JOcnHa8FnBM
aloo matar,"potato, peas, chillies, ginger, garam masala, garlic",vegetarian,5,40,spicy,main course,Punjab,North,bGsomM6F-FI
aloo methi,"potato, fenugreek leaves, chillies, salt, oil",vegetarian,10,40,bitter,main course,Punjab,North,aih2S55PF2o
aloo shimla mirch,"potato, shimla mirch, garam masala, amchur powder, salt",vegetarian,10,40,spicy,main course,Punjab,North,6N0oe-lpwTM
bhatura,"chole, rava, yogurt, plain flour, baking soda",vegetarian,20,20,spicy,main course,Punjab,North,tJblfns7T28
bhindi masala,"ladies finger, garam masala, kasuri methi, tomatoes, chili powder",vegetarian,20,30,spicy,main course,Punjab,North,ect1YiQALF8
biryani,"chicken thighs, basmati rice, star anise, sweet, green chillies",non-vegetarian,30,120,spicy,main course,Telangana,South,95BCU1n268w
butter chicken,"chicken, greek yogurt, cream, garam masala powder, cashew nuts, butter",non-vegetarian,10,35,spicy,main course,NCT of Delhi,North,a03U45jFxOI
chana masala,"chickpeas, tomato paste, garam masala, ginger, red onion, avocado oil",vegetarian,20,30,spicy,main course,Punjab,North,3Vf5_St-DEo
chapati,"whole wheat flour, olive oil, hot water, all purpose flour",vegetarian,10,10,other,main course,Maharashtra,West,8m27vn0-GAk
chicken razala,"chicken, dahi, sesame seeds, garam masala powder, cashew nuts, saffron",non-vegetarian,10,35,spicy,main course,West Bengal,East,C-zQAJnOn4M
chicken tikka masala,"naan bread, tomato sauce, skinless chicken breasts, heavy cream, garam masala",non-vegetarian,10,50,spicy,main course,Punjab,North,c2MGcq_m6r4
chicken tikka,"chicken, whole wheat bread, rice flour, garam masala powder, whole egg",non-vegetarian,120,45,spicy,starter,Punjab,North,uq0J0lOSlw0
chole bhature,"chole, bhatura, garam masala, bay leaf, cinnamon stick",vegetarian,20,30,spicy,main course,Punjab,North,QbyXsYOTJD4
daal baati churma,"moong dal, masoor dal, chana dal, wheat flour, almond",vegetarian,10,90,spicy,main course,Rajasthan,West,N3_R51ZXn7g
daal puri,"moong dal, garam masala powder, garlic, green chilli, all purpose flour",vegetarian,30,30,spicy,main course,West Bengal,East,82xnU5G2rNI
dal makhani,"red kidney beans, urad dal, cream, garam masala, chili powder",vegetarian,10,60,sweet,main course,Punjab,North,FTIjbV6yczo
dal tadka,"pigeon peas, garam masala, ginger, red onion, kasuri methi",vegetarian,10,30,spicy,main course,Punjab,North,xEeoZYpa5wY
dum aloo,"baby potatoes, garam masala, cashew nuts, kasuri methi, tomatoes",vegetarian,20,50,spicy,main course,Jammu & Kashmir,North,JupJtfiNn2M
poha,"beaten rice flakes, potato, curry leaves, green chilies, lemon juice",vegetarian,20,30,spicy,snack,Maharashtra,West,VKvwWeVy8Nw
fara,"chana dal, whole wheat flour, arhar dal, white urad dal, garam masala powder",vegetarian,10,60,spicy,snack,Chhattisgarh,Central,2tp3dvk5YAg
kachori,"moong dal, rava, garam masala, dough, fennel seeds",vegetarian,30,60,spicy,snack,Uttar Pradesh,North,tFT7moFMqR4
kadai paneer,"cottage cheese, bell peppers, gravy, garam masala, cashew nuts",vegetarian,20,30,spicy,main course,Punjab,North,HBd1D5DKDFQ
kadhi pakoda,"besan, garam masala powder, gram flour, ginger, curry leaves",vegetarian,10,60,spicy,main course,Haryana,North,Zk3pddws0Lg
karela bharta,"bitter gourd, fennel, garam masala powder, chili powder, amchur powder",vegetarian,20,50,bitter,main course,Punjab,North,LRL2tGXKW8w
khichdi,"moong dal, green peas, ginger, tomato, green chili",vegetarian,40,20,spicy,main course,All State,All Region,SYWtizV5oCI
kofta,"paneer, potato, cream, corn flour, garam masala",vegetarian,20,40,spicy,main course,Uttar Pradesh,North,oBR3nQUnhJc
kulfi falooda,"rose syrup, falooda sev, mixed nuts, saffron, sugar",vegetarian,45,25,sweet,dessert,All State,All Region,AURB_-UsHc8
lauki ke kofte,"bottle gourd, garam masala powder, gram flour, ginger, chillies",vegetarian,20,40,spicy,main course,Uttar Pradesh,North,oBR3nQUnhJc
lauki ki subji,"bottle gourd, coconut oil, garam masala, ginger, green chillies",vegetarian,10,20,spicy,main course,All State,All Region,lVUM_7p3_oc
litti chokha,"wheat flour, roasted gram flour, tomato, nigella seeds, chilli",vegetarian,45,60,spicy,main course,Bihar,North,CqF4iPq9000
makki di roti sarson da saag,"palak, makki atta, mustard green, garam masala, ginger",vegetarian,25,30,spicy,main course,Punjab,North,JjZxqmQriXA
misi roti,"whole wheat flour, chickpea flour, green chilies",vegetarian,30,30,spicy,main course,Punjab,North,gblHgxycYVI
mushroom do pyaza,"mushroom, malai, garam masala, ginger, capsicum",vegetarian,10,30,spicy,main course,Punjab,North,T8slXflLyIY
mushroom matar,"canned coconut milk, frozen green peas, wild mushrooms, garam masala, tomatoes",vegetarian,10,30,spicy,main course,Punjab,North,VxWjgIZPaKo
naan,"whole wheat flour, honey, butter, garlic",vegetarian,60,30,other,main course,Punjab,North,kA_3gY9rX4Y
navrattan korma,"green beans, potatoes, khus khus, low fat, garam masala powder",vegetarian,25,40,spicy,main course,Uttar Pradesh,North,HjQbjFLEByM
palak paneer,"cottage cheese, palak, cream, garam masala, butter",vegetarian,20,40,spicy,main course,Punjab,North,b5bDtzWCR9M
paneer butter masala,"paneer, whipping cream, garam masala, cashew nuts, butter",vegetarian,20,40,spicy,main course,Punjab,North,U1LVDFwi8qI
paneer tikka masala,"paneer, greek yogurt, tandoori masala, cream, bell pepper",vegetarian,20,40,spicy,main course,Punjab,North,Nru8aadeN0I
pani puri,"kala chana, mashed potato, boondi, sev, lemon",vegetarian,15,2,spicy,snack,All State,All Region,Lno88iU9J4w
panjeeri,"whole wheat flour, musk melon seeds, poppy seeds, edible gum, semolina",vegetarian,10,25,sweet,dessert,Uttar Pradesh,North,05nFWwA7hLU
papad,"urad dal, sev, lemon juice, chopped tomatoes",vegetarian,5,5,spicy,snack,All State,All Region,RIhV0kLD7xQ
paratha,"wheat flour, butter, potato, coriander",vegetarian,15,45,spicy,main course,Punjab,North,nDKNXTc6qok
pattor,"arbi ke patte, sesame seeds, gur, bengal gram flour, imli",vegetarian,10,30,spicy,main course,Rajasthan,West,VIH3g_xdVtY
pindi chana,"fennel, tea bags, tomato, kasuri methi, cinnamon",vegetarian,500,120,spicy,main course,Punjab,North,XTNDdHtSwd8
rajma chaval,"red kidney beans, garam masala powder, ginger, tomato, mustard oil",vegetarian,15,90,spicy,main course,All State,North,PsSNpXmb-Gw
rongi,"garam masala powder, tomato, kasuri methi, cinnamon, mustard oil",vegetarian,10,30,other,main course,Punjab,North,fZpFv0CkXoA
samosa,"potatoes, green peas, garam masala, ginger, dough",vegetarian,30,30,spicy,snack,All State,All Region,AAm95jaoAJc
sattu ki roti,"sattu, atta, dough, filling, mustard oil",vegetarian,10,20,spicy,main course,Bihar,North,9s7syv7JGCY
shahi paneer,"cottage cheese, malai, garam masala, ginger, tomato",vegetarian,20,40,spicy,main course,Punjab,North,G3-EASdBTOU
shahi tukra,"rose water, milk, white bread slices, saffron, almonds",vegetarian,10,30,sweet,dessert,Telangana,South,iA-zY2GSBMs
vegetable jalfrezi,"baby corn, french beans, garam masala, ginger, carrot",vegetarian,10,30,spicy,main course,Punjab,North,0wAoYUYUO4Y
tandoori chicken,"greek yogurt, garam masala, kasuri methi, marinade, mustard oil",non-vegetarian,240,30,spicy,main course,Punjab,North,Uz-b7mCPyfI
tandoori fish tikka,"chickpea flour, biryani masala powder, yogurt, fish fillets, green bell pepper",non-vegetarian,240,30,spicy,starter,Punjab,North,vNrMLVrqAwE
attu,"whole wheat flour, arhar dal, ginger, kala jeera, green chilli",vegetarian,150,25,spicy,snack,Andhra Pradesh,South,HUz8ih7g0aA
avial,"raw banana, elephant foot yam, long beans, tindora, urad dal",vegetarian,30,45,spicy,main course,Kerala,South,_C9SZg3adxI
bisi bele bath,"split pigeon peas, chana dal, urad dal, green peas, french beans",vegetarian,30,45,spicy,main course,Karnataka,South,ekXWJZQ5nF0
currivepillai sadam,"chana dal, urad dal, fresh coconut, sesame seeds, curry leaves",vegetarian,10,20,spicy,main course,Tamil Nadu,South,Yw_ORqfE_MA
dosa,"chana dal, urad dal, whole urad dal, blend rice, rock salt",vegetarian,360,90,spicy,snack,All State,South,mWMe0B7J_5o
idiappam,"rice flour, hot water, grated coconut",vegetarian,120,30,spicy,snack,Tamil Nadu,South,MgFeN6MD3Lo
idli,"split urad dal, urad dal, idli rice, thick poha, rock salt",vegetarian,360,90,spicy,snack,All State,South,zFZJPVSkiMI
kanji,"carrot, yellow mustard, red chilli, black salt",vegetarian,10,45,other,snack,Kerala,South,xty3Vzu7sN8
kaara kozhambu,"sesame oil, drumstick, tamarind paste, sambar powder, tomato",vegetarian,-1,-1,spicy,main course,Tamil Nadu,South,SuC_etdHbjU
keerai kootu,"moong dal, chana dal, spinach, urad dal, coconut oil",vegetarian,20,30,spicy,main course,Tamil Nadu,South,XDeJ3Pp5QXI
keerai masiyal,"urad dal, curry leaves, sugar, mustard seeds, spinach",vegetarian,-1,-1,spicy,main course,Tamil Nadu,South,8uKN0LctJYM
keerai sadam,"greens, tomato, mustard seeds, fenugreek seeds",vegetarian,10,20,spicy,main course,Tamil Nadu,South,H6cKc-zCE2Q
keerai poriyal,"amaranth leaves, split urad dal, mustard seeds, grated coconut, red chili",vegetarian,20,30,spicy,main course,Tamil Nadu,South,hTa3ag24tkI
beef fry,"beef, coconut, garam masala, curry leaves, green chilies, chili powder",non-vegetarian,10,60,spicy,main course,Kerala,South,Y1fUfPOqoeg
kootu,"chana dal, urad dal, potato, beans, peas",vegetarian,10,15,spicy,main course,Tamil Nadu,South,U3NWHu-fLUI
kos kootu,"moong dal, chana dal, cabbage, tamarind, curry leaves",vegetarian,10,20,spicy,main course,Tamil Nadu,South,94MNihvE1gw
koshambri,"moong dal, cucumber, curry leaves, green chili, lemon juice",vegetarian,10,20,spicy,main course,Karnataka,South,ZPjdDwFPwak
kothamali sadam,"chana dal, urad dal, gooseberry, raw rice, curry leaves",vegetarian,10,20,spicy,main course,Tamil Nadu,South,gigFCLJ1DiU
kuzhakkattai,"sesame oil, raw rice, jaggery, grated coconut",vegetarian,10,90,spicy,main course,Tamil Nadu,South,ZDmel5yGv_o
kuzhambu,"pearl onions, urad dal, drumsticks, tomato, curry leaves",vegetarian,5,30,spicy,main course,Tamil Nadu,South,Lu-BRn5CI5U
masala dosa,"chana dal, urad dal, potatoes, idli rice, thick poha",vegetarian,360,90,spicy,snack,All State,South,llr-GVo_NnI
pachadi,"coconut oil, cucumber, curd, curry leaves, mustard seeds",vegetarian,10,25,other,main course,All State,South,rIrRJy1-ILc
paniyaram,"yogurt, ginger, curry leaves, baking soda, green chilli",vegetarian,10,20,other,main course,Tamil Nadu,South,zJ4KcIM2Ey8
papadum,"lentils, black pepper, vegetable oil",vegetarian,5,5,spicy,snack,Kerala,South,m3cdFo4yyDw
paravannam,"raw rice,  jaggery, milk",vegetarian,-1,-1,spicy,main course,Kerala,South,Q6XdmqkpY5g
payasam,"rice, cashew nuts, milk, raisins, sugar",vegetarian,15,30,sweet,dessert,All State,South,b5oI99d90j0
paruppu sadam,"arhar dal, sambar powder, tomato, curry leaves, fennel seeds",vegetarian,10,20,other,main course,Tamil Nadu,South,z8Xsl1QDU1E
pesarattu,"green moong beans, rice flour",vegetarian,120,20,spicy,snack,Andhra Pradesh,South,c0PQz7TF7RQ
poriyal,"chana dal, urad dal, beans, coconut, mustard",vegetarian,-1,-1,spicy,main course,Tamil Nadu,South,48QMJ1Zi2uY
puli sadam,"urad dal, lemon, tamarind, cooked rice, curry leaves",vegetarian,10,20,other,main course,Tamil Nadu,South,XpSaUF--Vz0
rasam,"tomato, curry leaves, garlic, mustard seeds, hot water",vegetarian,10,35,spicy,main course,All State,South,iJYSW6451Pg
puttu,"brown rice flour, sugar, grated coconut",vegetarian,495,40,other,main course,Kerala,South,Isu2GuDYw7E
sambar,"pigeon peas, eggplant, drumsticks, sambar powder, tamarind",vegetarian,20,45,spicy,main course,All State,South,EkJC0GgY5wk
sandige,"thin rice flakes, black sesame seeds, curry leaves",vegetarian,120,60,other,main course,Karnataka,South,t67TkBhkLDg
sevai,"sevai, parboiled rice, steamer",vegetarian,120,30,other,main course,All State,South,47KkF1Av7nM
thayir sadam,"urad dal, curd, sesame oil, ginger, curry leaves, mustard seeds",vegetarian,10,20,other,main course,Tamil Nadu,South,9umLppS-k9M
theeyal,"coconut, whole red beans, masala, sesame oil, tamarind",vegetarian,15,20,other,main course,Kerala,South,2vNm4mGH1-Q
uttapam,"chana dal, urad dal, thick poha, tomato, butter",vegetarian,10,20,spicy,snack,All State,South,BiO1SXyRAs4
vada,"urad dal, ginger, curry leaves, green chilies, black pepper",vegetarian,15,20,spicy,snack,All State,South,Zjm9fQBBHiM
chicken varuval,"meat curry powder, chicken chunks, ginger, tomato, cinnamon",non-vegetarian,10,35,spicy,main course,Tamil Nadu,South,7YXx5pg2rUs
upma,"chana dal, urad dal, ginger, curry leaves, sugar",vegetarian,10,20,spicy,snack,All State,All Region,b_euxDBjwAo
amti,"kala masala, arhar dal, curry leaves, mustard seeds, hot water",vegetarian,10,45,spicy,main course,Maharashtra,West,SOxp38zoCNg
zunka,"gram flour, mustard, garlic, turmeric, red chilli",vegetarian,10,25,spicy,main course,Maharashtra,West,wghDXn9tWZw
kolim jawla,"baingan, fish, coconut oil, fresh coconut, ginger",non-vegetarian,-1,-1,spicy,main course,Maharashtra,West,nBI5FS0cPx0
saath,"urad dal, potatoes, wheat flour, sooji",vegetarian,20,40,spicy,main course,Gujarat,West,S2V-qlCx7Ts
bajri no rotlo,"wheat flour, pearl millet flour, hot water",vegetarian,10,10,spicy,main course,Gujarat,West,qmEdP4dv0as
coconut vadi,"condensed milk, mawa, desiccated coconut, almonds, cashews",vegetarian,20,30,sweet,dessert,Maharashtra,West,Z6jNoPh9MXw
bhakri,"jowar flour, sesame seeds",vegetarian,20,25,other,main course,Maharashtra,West,kQJGearZcto
bombil fry,"bombay duck, malvani masala, rice flour, bombay rava, green chilies",non-vegetarian,-1,-1,spicy,main course,Maharashtra,West,FuzNF13EMDc
chakali,"rice flour, sesame, plain flour, turmeric, red chilli",vegetarian,10,40,spicy,snack,Maharashtra,West,hq4uHV0IVFs
chevdo,"citric acid, fry, raisins, sugar, chana daal",vegetarian,20,30,spicy,snack,Gujarat,West,tNfA1lInde4
chorafali,"urad dal, bengal gram flour, dried mango, baking soda, black salt",vegetarian,5,15,spicy,snack,Gujarat,West,OQkO2DwxCNk
copra paak,"condensed milk, nestle cream, coconut ice, red food coloring, desiccated coconut",vegetarian,20,30,other,main course,Gujarat,West,JAzx3fa9OFw
daal dhokli,"whole wheat flour, dal, kokum, gur, bengal gram flour",vegetarian,20,30,spicy,main course,Gujarat,West,A-wJQ83ISFg
kutchi dabeli,"pav, aloo, peanut, pomegranate, star anise",vegetarian,30,10,spicy,snack,Gujarat,West,CIceMnBUjfg
dahi vada,"urad dal, bhuna chana, garam masala, dates, tamarind",vegetarian,30,30,other,snack,Maharashtra,West,0WnHrQWr4xk
dalithoy,"arhar dal, coconut oil, curry leaves, mustard seeds, red chilli",vegetarian,5,20,other,main course,Maharashtra,West,ukGzH1PZRsk
dhokla,"rava, coconut, gram flour, mustard, sesame",vegetarian,10,20,spicy,snack,Gujarat,West,loLfq8JvNAo
dudhi halwa,"bottle gourd, green, raisins, sugar, clarified butter",vegetarian,15,30,sweet,dessert,Gujarat,West,WdTow1OPbAY
gatta curry,"yogurt, besan, sauce, garam masala powder, gram flour",vegetarian,10,20,spicy,main course,Rajasthan,West,mVwjjnwAIXY
gud papdi,"wheat flour, jaggery, clarified butter, sliced almonds",vegetarian,10,20,sweet,dessert,Gujarat,West,04MkiR6OPKs
ghooghra,"dry fruits, semolina, all purpose flour",vegetarian,-1,-1,spicy,snack,Gujarat,West,Ay01h_iFs7c
handwo,"bottle gourd, chana dal, cabbage, urad dal, toor dal",vegetarian,20,30,spicy,snack,Gujarat,West,fVJDFGwjpU0
halvasan,"whole wheat rava, chia seed, lemon, edible gum, litre milk",vegetarian,-1,-1,sweet,dessert,Gujarat,West,QyKYNHCfJXo
jeera aloo,"green chilies, lemon juice, chili powder, boiled potatoes",vegetarian,10,30,spicy,main course,Gujarat,West,PU8SRVD4QbU
kansar,"wheat flour, cashews, rapeseed oil",vegetarian,10,40,other,main course,Gujarat,West,DMDdzo7rCpY
keri no ras,"mango, sugar",vegetarian,10,10,sour,main course,Gujarat,West,S6nMvPUWlvA
khakhra,"whole wheat flour, low fat, bengal gram flour",vegetarian,20,40,spicy,snack,Gujarat,West,-FigyACbsGA
khandvi,"green chili paste, white sesame seeds, gram flour, curry leaves, green chili",vegetarian,20,45,spicy,snack,Gujarat,West,ndTp8_1Kdyk
kombdi vade,"rice flour, urad dal, wheat flour, gram flour, turmeric",vegetarian,10,25,spicy,snack,Maharashtra,West,OZ6RDPlxV-s
laapsi,"cinnamon, jaggery, clarified butter, dry roasted",vegetarian,10,40,spicy,main course,Madhya Pradesh,Central,9WP2Z-HQq1I
koshimbir,"cucumber, carrot, tomatoes, cilantro",vegetarian,10,10,spicy,main course,Maharashtra,West,jLYGufhYqJk
methi na gota,"rava, gram flour, lemon juice, turmeric, fenugreek leaves",vegetarian,15,30,bitter,main course,Gujarat,West,nJ7b8-Nna6A
mohanthal,"rose water, pistachio, badam, bengal gram flour, saffron",vegetarian,5,45,sweet,dessert,Gujarat,West,3KHzEejHBnw
muthiya,"bottle gourd, whole wheat flour, rava, sesame seeds, bengal gram flour",vegetarian,15,30,bitter,snack,Gujarat,West,Ft_2LIcvOU8
patra,"arbi ke patte, sesame seeds, gur, bengal gram flour, imli",vegetarian,10,40,spicy,snack,Gujarat,West,y6On70lP7Dg
pav bhaji,"pav bhaji masala, gobi, potatoes, green peas, dinner rolls",vegetarian,20,40,spicy,main course,Maharashtra,West,sAnPUIvPc1I
puri bhaji,"aloo, urad dal, mustard, ginger, curry leaves",vegetarian,10,30,spicy,main course,Maharashtra,West,5J3AIHw0OHo
sabudana khichadi,"raw peanuts, sabudana, lemon, avocado oil, curry leaves, green chili",vegetarian,70,30,spicy,snack,Maharashtra,West,bkESsnC6fEA
sev khamani,"khaman, pomegranate, sev, powdered sugar, garlic",vegetarian,20,30,spicy,main course,Gujarat,West,kmKuTPV_tcU
sev tameta,"sev, ginger, tomato, sugar",vegetarian,20,30,spicy,main course,Gujarat,West,s2PuzbKU3Ds
namakpara,"wheat flour, baking soda, all purpose flour, black pepper, sunflower oil",vegetarian,10,35,spicy,snack,Gujarat,West,1pddM6c5GtY
sukhdi,"whole wheat flour, gur, clarified butter",vegetarian,10,20,sweet,dessert,Maharashtra,West,sLkNkSFL9NU
surnoli,"rice flakes, yogurt, raw rice, jaggery, grated coconut",vegetarian,60,10,spicy,snack,Maharashtra,West,Wbj9PwJ7ioM
thalipeeth,"whole wheat flour, rice flour, pearl millet flour, sorghum flour, sesame seeds",vegetarian,25,30,spicy,main course,Maharashtra,West,AAYSNVZIHMM
undhiyu,"sweet potato, surti papdi, baby potatoes, valor papdi, green peas",vegetarian,25,60,spicy,main course,Gujarat,West,OFTWBaVC_gw
veg kolhapuri,"gobi, potato, beans, khus khus, coconut",vegetarian,20,30,spicy,main course,Maharashtra,West,F0Mpb6cZGxQ
vindaloo,"chicken, coconut oil, wine vinegar, ginger, green, cinnamon",non-vegetarian,10,40,spicy,main course,Goa,West,7KDt6ZDYJpQ
lilva kachori,"green garlic chutney, fresh green peas, ginger, lemon juice, plain flour",vegetarian,30,6,spicy,snack,Gujarat,West,HM1TjUfjS64
mag dhokli,"moong beans, jaggery, red chillies, oil, salt",vegetarian,-1,-1,spicy,snack,Gujarat,West,3q1TEXo6j6s
khichu,"rice flour, sesame seeds, baking soda, peanut oil",vegetarian,5,10,spicy,snack,Gujarat,West,c9TjyNF09kw
thepla,"chickpea flour, methi leaves, jowar flour, wheat flour",vegetarian,15,30,spicy,snack,Gujarat,West,C8MVLf0DBc8
farsi puri,"semolina, clarified butter, oil, white flour, black pepper",vegetarian,-1,-1,other,snack,Gujarat,West,zqSgx8dEFSA
khaman,"yogurt, fresh coconut, sesame seeds, semolina, gram flour",vegetarian,10,20,spicy,snack,Gujarat,West,loLfq8JvNAo
turiya patra vatana sabji,"ridge gourd, baking soda, sugar, grated coconut, peas",vegetarian,35,40,spicy,main course,Gujarat,West,n45Y-xXKv5A
churma ladoo,"whole wheat flour, khus khus, sesame seeds, dry coconut, gur",vegetarian,12,40,sweet,dessert,Rajasthan,West,-aWNGbAG8Hc
cheera doi,"rice, mango, curd",vegetarian,-1,-1,sweet,dessert,West Bengal,East,zwu4RXALAWA
gheela pitha,"sticky rice, rice flour, jaggery, orange rind",vegetarian,10,30,sweet,dessert,Assam,North East,35Us5HBflMY
khar,"raw papaya, panch phoran masala, nigella seeds, mustard oil, fennel seeds",vegetarian,10,20,other,main course,Assam,North East,K-V_TUiAyA0
kumol sawul,"rice, eggs, carrot, beetroot",non-vegetarian,-1,-1,spicy,main course,Assam,North East,_CdjolKWVG8
luchi,"maida, vegetable oil",vegetarian,20,30,other,main course,West Bengal,East,qH1kB0u35dI
alu pitika,"potatoes, mustard oil, fish, green chillies",non-vegetarian,5,20,spicy,main course,Assam,North East,iH8H54MUdp8
masor tenga,"ridge gourd, fish, lemon, tomatoes, mustard oil",non-vegetarian,15,25,spicy,main course,Assam,North East,6PZjSF68fLI
bengena pitika,"brinjal, onions, salt, sesame seeds, coriander",vegetarian,-1,-1,other,main course,Assam,North East,sVdyzo-wfNo
bilahi maas,"potatoes, garam masala, tomatoes, mustard oil, bay leaf",non-vegetarian,10,20,other,main course,Assam,North East,-eF_WzogZfA
black rice,"forbidden black rice, chicken, olive oil, slivered almonds, garlic powder",non-vegetarian,-1,-1,other,main course,Manipur,North East,Kd2LmyhIYkk
bora sawul,"biryani masala, mixed vegetables, yellow moong daal, whole red, mustard seeds",vegetarian,-1,-1,spicy,main course,Assam,North East,dYiFwcFdsZs
brown rice,"brown rice, soy sauce, olive oil",vegetarian,15,25,other,main course,All State,All Region,eZFNkCAd1ss
chingri malai curry,"coconut milk, lobster, fresh green chilli, ginger, red onion",non-vegetarian,10,40,spicy,main course,West Bengal,East,TCkE1ZNRC5M
goja,"baking soda, clarified butter, oil, all purpose flour",vegetarian,20,60,sweet,dessert,West Bengal,East,XKEy4CHo4cc
hando guri,"jaggery, raisins",vegetarian,-1,-1,sweet,dessert,Assam,North East,Kr9icH3B9lc
haq maas,"lamb, garam masala powder, curd, turmeric, bay leaf",non-vegetarian,20,40,spicy,main course,Assam,North East,XRszENEcOkA
chingri bhape,"coconut, prawns, curd, mustard seed, green chili",non-vegetarian,15,30,other,main course,West Bengal,East,W4POHmKypkc
kabiraji,"fish fillet, besan, lemon, mint, ginger",non-vegetarian,-1,-1,spicy,main course,West Bengal,East,NzH3EzqOCVE
khorisa,"fermented bamboo shoot, potato, ginger, green, mustard oil",vegetarian,-1,-1,spicy,main course,Assam,North East,VrAtfBp_A88
koldil chicken,"banana flower, chicken, green chili, mustard oil, lemon juice",non-vegetarian,-1,-1,spicy,main course,Assam,North East,mPmIqlfrpLE
konir dom,"aloo, tomatoes, mustard oil, bay leaf, cinnamon stick",non-vegetarian,-1,-1,spicy,main course,Assam,North East,wTncN_KLVY4
koldil duck,"rice flour, mutton, banana, gram flour, olive oil, baking powder",non-vegetarian,-1,-1,spicy,main course,Assam,North East,l9qzZ9TODM4
masor koni,"fish roe, pumpkin flowers, mustard oil, turmeric, tomato",non-vegetarian,-1,-1,spicy,main course,Assam,North East,3FgW2_FESVc
mishti chholar dal,"chana dal, fresh coconut, ginger, cinnamon, raisins",vegetarian,10,30,sweet,main course,West Bengal,East,MtcAg-5SeT8
pakhala,"curd, cooked rice, curry leaves, dry chilli",vegetarian,-1,-1,other,main course,Odisha,East,NpMlGyEBEKo
pani pitha,"tea leaves, white sesame seeds, dry coconut, soaked rice",vegetarian,10,20,other,main course,Assam,North East,d1YtfsDq4Jk
payokh,"basmati rice, rose water, sugar, clarified butter, cardamom pods",vegetarian,-1,-1,sweet,dessert,Assam,North East,rsbSMr11I9c
prawn malai curry,"coconut milk, prawns, garlic, turmeric, sugar",non-vegetarian,15,50,spicy,main course,West Bengal,East,850UwVgrC5c
red rice,"red pepper, red onion, butter, watercress, olive oil",vegetarian,-1,-1,other,main course,All State,All Region,jyREjg2ONUg
shukto,"green beans, bitter gourd, ridge gourd, banana, brinjal",vegetarian,10,20,spicy,main course,West Bengal,East,Ia2MzLxJhno
til pitha,"glutinous rice, black sesame seeds, gur",vegetarian,5,30,sweet,dessert,Assam,North East,r0KCvJfLSCw
bebinca,"coconut milk, egg yolks, clarified butter, all purpose flour",vegetarian,20,60,sweet,dessert,Goa,West,87ZtFqUWooo
shufta,"cottage cheese, dry dates, dried rose petals, pistachio, badam",vegetarian,-1,-1,sweet,dessert,Jammu & Kashmir,North,nfPcAjrUccU
mawa bati,"milk powder, dry fruits, arrowroot powder, all purpose flour",vegetarian,20,45,sweet,dessert,Madhya Pradesh,Central,077aoqXD4fc
pinaca,"brown rice, fennel seeds, grated coconut, black pepper, ginger powder",vegetarian,-1,-1,sweet,dessert,Goa,West,Se8fKCPa6kE
